City_ID,City,Country,Lat,Lng,Max Temp,Humidity,Cloudiness,Wind Speed,Current Description
0,Bethel,US,41.3712,-73.414,22.5,56,0,3.44,clear sky
1,Jamestown,US,42.097,-79.2353,18.72,60,100,0.0,overcast clouds
2,Rikitea,PF,-23.1203,-134.9692,76.86,70,100,5.06,overcast clouds
3,Punta Arenas,CL,-53.15,-70.9167,50.11,57,75,26.46,broken clouds
4,Terme,TR,41.2092,36.9739,46.33,73,94,4.27,light rain
5,Pevek,RU,69.7008,170.3133,-15.7,97,96,2.19,overcast clouds
6,Kaka,TM,37.3482,59.6143,39.52,63,0,4.99,clear sky
7,Mataura,NZ,-46.1927,168.8643,73.99,58,46,1.7,scattered clouds
8,Luderitz,NA,-26.6481,15.1594,64.76,87,65,9.51,broken clouds
9,Kapaa,US,22.0752,-159.319,80.47,63,0,1.99,clear sky
10,Nome,US,64.5011,-165.4064,0.1,71,0,0.0,clear sky
11,Butaritari,KI,3.0707,172.7902,82.11,76,22,20.94,few clouds
12,Castro,BR,-24.7911,-50.0119,63.25,98,98,9.19,overcast clouds
13,Dwarka,IN,22.2394,68.9678,69.76,82,0,9.69,clear sky
14,Provideniya,RU,64.3833,-173.3,10.51,72,0,17.9,clear sky
15,Hilo,US,19.7297,-155.09,77.11,62,20,8.05,few clouds
16,Te Anau,NZ,-45.4167,167.7167,69.71,65,25,1.05,scattered clouds
17,Homer,US,59.6425,-151.5483,24.67,85,40,3.44,scattered clouds
18,Ushuaia,AR,-54.8,-68.3,44.26,70,40,28.77,scattered clouds
19,Yellowknife,CA,62.456,-114.3525,-6.45,79,75,8.05,light snow
20,Albany,US,42.6001,-73.9662,16.45,45,15,8.01,few clouds
21,Klyuchi,RU,52.2667,79.1667,14.22,94,100,6.82,overcast clouds
22,Husavik,IS,66.0449,-17.3389,24.71,68,44,31.23,scattered clouds
23,Busselton,AU,-33.65,115.3333,65.08,61,92,17.98,overcast clouds
24,Bluff,NZ,-46.6,168.3333,61.88,84,91,4.54,overcast clouds
25,Salalah,OM,17.0151,54.0924,68.09,77,0,5.75,clear sky
26,Nouadhibou,MR,20.931,-17.0347,64.38,63,100,16.11,overcast clouds
27,Kovernino,RU,57.1253,43.8142,17.69,97,99,6.76,overcast clouds
28,Ouadda,CF,8.0777,22.4007,64.4,25,36,5.03,scattered clouds
29,Tuktoyaktuk,CA,69.4541,-133.0374,-0.4,78,100,20.71,light snow
30,Beatrice,US,40.2681,-96.747,47.17,39,0,5.75,clear sky
31,Bengkulu,ID,-3.8004,102.2655,75.49,89,99,4.18,moderate rain
32,Cape Town,ZA,-33.9258,18.4232,72.12,78,0,4.0,clear sky
33,Khatanga,RU,71.9667,102.5,-5.49,98,99,9.46,overcast clouds
34,Broome,US,42.2506,-75.833,14.83,73,0,1.99,clear sky
35,Partizanskoye,RU,55.5006,94.39,-11.4,95,85,3.4,overcast clouds
36,Atuona,PF,-9.8,-139.0333,78.19,77,12,14.38,light rain
37,Longyearbyen,SJ,78.2186,15.6401,8.44,66,0,21.85,clear sky
38,Farafangana,MG,-22.8167,47.8333,74.41,79,19,3.71,few clouds
39,Saint-Philippe,RE,-21.3585,55.7679,78.39,83,43,10.13,scattered clouds
40,Karratha,AU,-20.7377,116.8463,83.79,60,69,17.11,broken clouds
41,Meadow Lake,US,34.8014,-106.5436,47.17,58,100,1.36,overcast clouds
42,Saint Albans,GB,51.75,-0.3333,47.43,91,75,21.85,broken clouds
43,Qaanaaq,GL,77.484,-69.3632,-8.57,69,100,6.22,overcast clouds
44,Redea,RO,44.05,24.3,38.95,63,31,23.17,scattered clouds
45,Kutum,SD,14.2,24.6667,53.02,18,1,13.71,clear sky
46,Katsuura,JP,35.1333,140.3,43.11,50,100,12.66,overcast clouds
47,Sept-Iles,CA,50.2001,-66.3821,10.06,64,75,8.99,broken clouds
48,Vestmannaeyjar,IS,63.4427,-20.2734,31.64,63,100,38.18,light snow
49,Tiksi,RU,71.6872,128.8694,-18.49,100,96,3.87,overcast clouds
50,Georgetown,MY,5.4112,100.3354,79.9,89,20,4.61,few clouds
51,Ribeira Grande,PT,38.5167,-28.7,59.04,74,56,25.68,broken clouds
52,Hermanus,ZA,-34.4187,19.2345,71.91,86,97,12.84,overcast clouds
53,Kedougou,SN,12.5579,-12.1743,82.94,14,17,3.6,few clouds
54,Thompson,CA,55.7435,-97.8558,3.36,78,20,4.61,few clouds
55,Otavi,NA,-19.65,17.3333,67.23,87,100,7.18,moderate rain
56,Vaini,TO,-21.2,-175.2,80.55,75,100,12.12,light rain
57,Bredasdorp,ZA,-34.5322,20.0403,69.12,88,87,8.05,overcast clouds
58,Coquimbo,CL,-29.9533,-71.3436,64.13,82,0,11.5,clear sky
59,Fort Nelson,CA,58.8053,-122.7002,-0.81,78,75,11.5,light snow
60,Erenhot,CN,43.6475,111.9767,4.15,88,100,16.93,overcast clouds
61,Airai,TL,-8.9266,125.4092,63.84,84,85,4.61,overcast clouds
62,Santa Ana,US,33.7456,-117.8678,77.41,48,0,1.01,clear sky
63,Lebu,CL,-37.6167,-73.65,59.13,68,0,20.71,clear sky
64,Fairbanks,US,64.8378,-147.7164,-6.75,75,0,0.0,clear sky
65,Rimbey,CA,52.6334,-114.2353,34.72,87,59,3.6,broken clouds
66,Narsaq,GL,60.9167,-46.05,19.62,77,100,21.39,light snow
67,Vila Franca Do Campo,PT,37.7167,-25.4333,59.41,80,57,15.08,broken clouds
68,Dublin,US,37.7021,-121.9358,66.38,55,0,1.99,clear sky
69,Lebanon,US,36.2081,-86.2911,53.47,42,0,6.91,clear sky
70,Bandarbeyla,SO,9.4942,50.8122,75.2,77,97,15.3,overcast clouds
71,Rocha,UY,-34.4833,-54.3333,69.35,75,0,11.05,clear sky
72,Urengoy,RU,65.9667,78.3667,-7.04,100,89,7.54,overcast clouds
73,Port Alfred,ZA,-33.5906,26.891,73.4,89,98,16.98,overcast clouds
74,Pesqueira,BR,-8.3578,-36.6964,72.73,78,65,11.5,broken clouds
75,Cascais,PT,38.6979,-9.4215,57.06,42,0,5.01,clear sky
76,Kavieng,PG,-2.5744,150.7967,82.11,74,91,2.3,light rain
77,Vila Velha,BR,-20.3297,-40.2925,78.94,85,20,5.75,few clouds
78,Lavrentiya,RU,65.5833,-171.0,-5.22,91,5,3.78,clear sky
79,Osorio,BR,-29.8867,-50.2697,70.45,75,12,10.09,few clouds
80,Carnarvon,AU,-24.8667,113.6333,80.67,69,47,17.27,scattered clouds
81,Batagay-Alyta,RU,67.8006,130.4114,-21.42,94,72,2.77,broken clouds
82,Devrek,TR,41.2192,31.9558,37.17,98,100,5.1,overcast clouds
83,Deep River,CA,46.1001,-77.4995,8.94,94,99,2.15,overcast clouds
84,Fukue,JP,32.6881,128.8419,41.36,56,20,12.66,few clouds
85,Roebourne,AU,-20.7833,117.1333,87.1,49,78,12.46,broken clouds
86,Thinadhoo,MV,0.5333,72.9333,81.61,73,75,10.98,broken clouds
87,Puerto Ayora,EC,-0.7393,-90.3518,75.47,75,100,8.46,overcast clouds
88,Haines Junction,CA,60.7522,-137.5108,10.35,52,98,12.66,overcast clouds
89,Mar Del Plata,AR,-38.0023,-57.5575,67.87,80,75,15.01,broken clouds
90,Acapulco,MX,16.8634,-99.8901,84.02,65,20,5.75,few clouds
91,Talnakh,RU,69.4865,88.3972,-15.34,95,86,8.84,overcast clouds
92,Mahebourg,MU,-20.4081,57.7,79.09,94,75,9.22,broken clouds
93,Road Town,VG,18.4167,-64.6167,77.09,73,20,4.61,few clouds
94,Teya,RU,60.3778,92.6267,-2.7,99,97,2.59,overcast clouds
95,Fortuna,US,40.5982,-124.1573,60.19,79,0,1.99,clear sky
96,Hobart,AU,-42.8794,147.3294,74.01,66,20,6.91,few clouds
97,Port Elizabeth,ZA,-33.918,25.5701,70.09,94,20,11.5,few clouds
98,Vetluga,RU,57.8557,45.781,12.06,97,96,4.07,overcast clouds
99,Lorengau,PG,-2.0226,147.2712,79.09,85,100,12.95,overcast clouds
100,Hobyo,SO,5.3505,48.5268,76.57,79,96,16.17,light rain
101,Hoquiam,US,46.9809,-123.8893,47.26,92,100,21.85,moderate rain
102,Belaya Gora,RU,68.5333,146.4167,-32.17,100,87,2.26,overcast clouds
103,Hithadhoo,MV,-0.6,73.0833,81.55,70,76,8.93,broken clouds
104,Aden,YE,12.7794,45.0367,76.53,71,32,13.6,scattered clouds
105,Vetlanda,SE,57.4289,15.0776,28.4,65,2,9.04,clear sky
106,Souillac,MU,-20.5167,57.5167,79.18,94,75,9.22,light rain
107,Codrington,AU,-38.2667,141.9667,71.51,76,59,4.88,broken clouds
108,Pangnirtung,CA,66.1451,-65.7125,-21.53,83,92,6.22,overcast clouds
109,Nova Esperanca,BR,4.438,-61.1151,75.83,56,41,3.36,scattered clouds
110,Minsk,BY,53.9,27.5667,31.75,97,95,5.53,overcast clouds
111,Laguna,US,38.421,-121.4238,66.43,53,0,3.0,clear sky
112,Morehead,US,37.2711,-87.1764,38.98,57,0,1.01,clear sky
113,Marawi,PH,7.9986,124.2928,65.64,89,33,1.32,scattered clouds
114,Pitimbu,BR,-7.4706,-34.8086,79.39,78,29,10.96,scattered clouds
115,La Rioja,ES,42.25,-2.5,39.04,63,0,5.57,clear sky
116,Caravelas,BR,-17.7125,-39.2481,79.59,84,19,11.36,few clouds
117,Manadhoo,MV,5.7667,73.3833,82.06,75,73,13.18,broken clouds
118,Timra,SE,62.487,17.3257,22.68,86,7,10.36,clear sky
119,Capitao Poco,BR,-1.7464,-47.0594,72.84,96,96,4.47,heavy intensity rain
120,Rawson,AR,-43.3002,-65.1023,59.4,40,66,8.25,broken clouds
121,Vardo,NO,70.3705,31.1107,25.0,62,98,12.95,overcast clouds
122,Ridgecrest,US,35.6225,-117.6709,65.68,10,0,4.0,clear sky
123,Egvekinot,RU,66.3167,-179.1667,0.45,66,70,7.83,broken clouds
124,Mehamn,NO,71.0357,27.8492,29.19,81,99,3.06,light snow
125,Rio Gallegos,AR,-51.6226,-69.2181,55.45,35,75,27.63,broken clouds
126,Chuy,UY,-33.6971,-53.4616,71.64,72,16,14.05,few clouds
127,Yantal,RU,56.8471,105.2542,-1.3,100,99,1.95,overcast clouds
128,Saskylakh,RU,71.9167,114.0833,-20.81,100,98,2.62,overcast clouds
129,Petropavlovsk-Kamchatskiy,RU,53.0452,158.6483,14.59,79,75,6.71,light snow
130,Srednekolymsk,RU,67.45,153.6833,-29.49,100,100,2.42,overcast clouds
131,Harper,LR,4.375,-7.7169,79.52,86,61,7.16,broken clouds
132,Urumqi,CN,43.801,87.6005,-4.85,84,75,0.0,mist
133,San Patricio,US,28.017,-97.5169,67.53,61,56,12.3,broken clouds
134,Tasiilaq,GL,65.6145,-37.6368,8.76,53,97,10.58,overcast clouds
135,Kurilsk,RU,45.2333,147.8833,18.63,65,100,18.7,overcast clouds
136,Nanortalik,GL,60.1432,-45.2371,17.73,83,100,23.31,snow
137,Abu Kamal,SY,34.4506,40.9171,45.93,63,46,8.86,scattered clouds
138,Arraial Do Cabo,BR,-22.9661,-42.0278,74.59,92,92,7.83,moderate rain
139,Fergus Falls,US,46.283,-96.0776,13.17,80,0,11.5,clear sky
140,Turka,UA,49.1541,23.0297,30.79,92,100,18.95,light snow
141,Iqaluit,CA,63.7506,-68.5145,-16.87,76,0,4.61,clear sky
142,Eureka,US,40.8021,-124.1637,57.67,77,89,3.89,overcast clouds
143,Tessalit,ML,20.1986,1.0114,68.5,15,24,10.11,few clouds
144,Mecca,SA,21.4267,39.8261,68.47,58,99,4.65,overcast clouds
145,Terre Haute,US,39.4667,-87.4139,31.96,65,0,3.0,clear sky
146,Barra Patuca,HN,15.8,-84.2833,73.63,72,85,15.3,overcast clouds
147,Ust-Kuyga,RU,70.0167,135.6,-35.55,100,98,4.29,overcast clouds
148,Parkersburg,US,39.2667,-81.5615,33.78,43,100,3.44,overcast clouds
149,Nuevo Progreso,MX,23.1667,-97.95,74.59,70,40,13.15,scattered clouds
150,Bardiyah,LY,31.7561,25.0865,55.87,71,37,19.66,scattered clouds
151,Wanning,CN,18.8003,110.3967,69.33,85,99,13.13,light rain
152,Sao Joao Da Barra,BR,-21.6403,-41.0511,75.58,92,28,4.36,moderate rain
153,Gillingham,GB,51.3891,0.5486,47.37,85,99,11.01,overcast clouds
154,Barrow,US,71.2906,-156.7887,-5.78,77,75,10.36,light snow
155,Mount Isa,AU,-20.7333,139.5,76.77,100,75,11.5,light rain
156,Baykit,RU,61.67,96.37,-2.54,99,100,0.6,overcast clouds
157,San Carlos De Bariloche,AR,-41.1456,-71.3082,62.44,31,20,17.27,few clouds
158,Machilipatnam,IN,16.1667,81.1333,65.34,79,1,4.41,clear sky
159,New Norfolk,AU,-42.7826,147.0587,73.65,48,3,1.01,clear sky
160,Hasaki,JP,35.7333,140.8333,36.0,47,100,16.75,overcast clouds
161,Sistranda,NO,63.7256,8.834,31.89,69,91,6.69,overcast clouds
162,Stornoway,GB,58.2093,-6.3865,40.96,76,75,8.99,broken clouds
163,Evensk,RU,61.95,159.2333,20.84,80,100,22.06,overcast clouds
164,Borba,BR,-4.3878,-59.5939,72.7,96,99,2.46,light rain
165,Esmeraldas,BR,-19.7625,-44.3139,76.06,90,99,1.95,overcast clouds
166,Suicheng,CN,33.8963,117.9331,33.78,79,99,6.78,overcast clouds
167,Kalmunai,LK,7.4167,81.8167,76.06,87,48,4.54,scattered clouds
168,Delta Del Tigre,UY,-34.7633,-56.3853,82.89,58,2,7.09,clear sky
169,Pietersburg,ZA,-23.9045,29.4688,54.0,94,98,3.58,overcast clouds
170,Kodiak,US,57.79,-152.4072,27.91,64,0,11.5,clear sky
171,Balykshi,KZ,47.0667,51.8667,24.8,100,100,2.24,fog
172,Rodez,FR,44.5,2.5833,38.88,100,100,6.91,mist
173,Tombouctou,ML,20.0,-3.0,70.66,15,85,12.48,overcast clouds
174,Berbera,SO,10.4396,45.0143,72.57,68,27,6.49,scattered clouds
175,Port Lincoln,AU,-34.7333,135.8667,71.31,70,39,7.99,scattered clouds
176,Esperance,AU,-33.8667,121.9,67.84,80,38,16.6,scattered clouds
177,Nova Londrina,BR,-22.7658,-52.985,74.75,87,27,3.94,scattered clouds
178,Mackay,AU,-21.15,149.2,84.69,79,75,12.66,broken clouds
179,Khorixas,NA,-20.3667,14.9667,62.58,68,100,11.63,overcast clouds
180,Sungaipenuh,ID,-2.0833,101.3833,64.85,96,96,2.8,moderate rain
181,Faanui,PF,-16.4833,-151.75,80.98,71,17,11.61,few clouds
182,Norman Wells,CA,65.282,-126.8329,-25.56,68,75,0.0,light snow
183,Kuytun,RU,54.3419,101.5036,-7.73,99,100,2.33,overcast clouds
184,Liwale,TZ,-9.7667,37.9333,68.67,98,100,0.43,overcast clouds
185,Lauchhammer,DE,51.5,13.8,40.12,77,92,12.91,overcast clouds
186,Neiafu,TO,-18.65,-173.9833,81.72,69,100,7.07,overcast clouds
187,Gujar Khan,PK,33.2558,73.3026,47.62,54,55,2.26,broken clouds
188,Sabinas,MX,27.85,-101.1167,65.48,37,54,10.45,broken clouds
189,Hirara,JP,24.8,125.2833,60.66,58,75,18.41,broken clouds
190,Halifax,CA,44.6453,-63.5724,26.22,78,87,5.01,overcast clouds
191,Krasnorechenskiy,RU,44.6265,135.3532,-1.95,91,63,6.91,broken clouds
192,Boueni,YT,-12.9025,45.0761,78.78,71,2,6.26,clear sky
193,Madison,US,34.7334,-86.5667,56.28,34,0,6.91,clear sky
194,Cayenne,GF,4.9333,-52.3333,79.09,87,75,4.0,broken clouds
195,Calderitas,MX,18.55,-88.25,77.11,50,0,5.75,clear sky
196,Karoi,ZW,-16.8099,29.6925,62.62,96,97,5.57,overcast clouds
197,Belebey,RU,54.1167,54.1167,26.71,96,100,10.04,light snow
198,Adrar,MR,20.5022,-10.0711,73.2,13,100,11.3,overcast clouds
199,Kaeo,NZ,-35.1,173.7833,72.32,78,99,14.72,overcast clouds
200,Ponta Do Sol,PT,32.6667,-17.1,65.12,38,1,10.09,clear sky
201,Pandamatenga,BW,-18.5278,25.627,66.11,98,100,8.48,light rain
202,Port-Gentil,GA,-0.7193,8.7815,81.0,78,96,10.94,overcast clouds
203,Hamilton,US,39.1834,-84.5333,35.35,66,22,1.01,few clouds
204,Torbay,CA,47.6666,-52.7314,37.76,82,75,23.02,broken clouds
205,Nhamunda,BR,-2.1861,-56.7131,74.8,93,100,1.72,overcast clouds
206,Sitka,US,57.0531,-135.33,39.09,75,75,5.75,broken clouds
207,Dumas,US,35.8656,-101.9732,56.62,17,0,3.44,clear sky
208,Nelson Bay,AU,-32.7167,152.15,82.76,81,67,1.99,broken clouds
209,Biltine,TD,14.5333,20.9167,61.41,17,0,8.39,clear sky
210,Altamira,BR,-3.2033,-52.2064,72.59,98,100,0.92,overcast clouds
211,Margate,GB,51.3813,1.3862,45.88,80,90,8.01,overcast clouds
212,Ust-Kulom,RU,61.6864,53.6902,-9.99,100,88,2.89,overcast clouds
213,Weyburn,CA,49.6668,-103.8511,30.42,74,93,5.75,overcast clouds
214,Saint George,US,37.1041,-113.5841,63.43,16,0,1.99,clear sky
215,Kedainiai,LT,55.2883,23.9747,31.14,90,100,20.33,light snow
216,Surt,LY,31.2089,16.5887,57.04,62,17,13.76,few clouds
217,Padang,ID,-0.9492,100.3543,73.45,87,97,3.49,heavy intensity rain
218,Huarmey,PE,-10.0681,-78.1522,71.22,84,100,8.05,overcast clouds
219,Ternate,ID,0.8,127.4,81.09,75,95,10.76,overcast clouds
220,Ancud,CL,-41.8697,-73.8203,60.42,66,33,8.97,scattered clouds
221,Kitimat,CA,54.0524,-128.6534,39.58,69,99,4.07,overcast clouds
222,Tereze,RU,43.9361,42.4434,21.7,70,25,8.23,scattered clouds
223,Honiara,SB,-9.4333,159.95,83.75,76,100,3.98,overcast clouds
224,Elko,US,41.0002,-115.5012,44.62,34,12,2.24,few clouds
225,Moyale,KE,3.5167,39.0584,68.05,33,50,8.01,scattered clouds
226,Pimenteiras,BR,-6.2453,-41.4192,74.35,68,86,3.29,overcast clouds
227,Ozuluama,MX,21.6667,-97.85,64.53,76,23,12.75,few clouds
228,Fetesti,RO,44.3833,27.8333,36.55,69,60,12.24,broken clouds
229,Port Macquarie,AU,-31.4333,152.9167,83.89,69,8,6.46,clear sky
230,Raga,SS,8.4596,25.678,64.35,22,32,3.94,scattered clouds
231,Moose Factory,CA,51.2585,-80.6094,-9.4,70,0,5.75,clear sky
232,Berlevag,NO,70.8578,29.0864,28.89,66,100,10.45,light snow
233,Meulaboh,ID,4.1363,96.1285,76.03,87,76,4.29,broken clouds
234,Cuamba,MZ,-14.8031,36.5372,66.38,97,27,1.77,scattered clouds
235,Tommot,RU,58.9564,126.2925,-7.26,97,100,5.84,overcast clouds
236,Redlands,US,34.0556,-117.1825,73.45,18,0,5.99,clear sky
237,Inirida,CO,3.8653,-67.9239,77.97,54,14,1.45,few clouds
238,Sangar,RU,63.9242,127.4739,-36.31,100,86,1.92,overcast clouds
239,Linxia,CN,35.6003,103.2064,6.58,88,47,3.53,scattered clouds
240,Vysha,RU,53.8477,42.3777,24.03,95,100,10.27,snow
241,Vaitape,PF,-16.5167,-151.75,81.03,71,18,11.74,few clouds
242,Tilichiki,RU,60.4667,166.1,17.71,79,100,11.01,overcast clouds
243,Asau,RO,46.4333,26.4,38.95,66,99,16.51,overcast clouds
244,Port Hardy,CA,50.6996,-127.4199,41.76,87,75,8.05,broken clouds
245,Ilulissat,GL,69.2167,-51.1,3.22,55,20,18.41,few clouds
246,Krasnoselkup,RU,65.7,82.4667,3.15,95,99,8.61,overcast clouds
247,Kamenka,RU,51.3223,42.7678,27.75,96,100,16.13,light snow
248,Chirongui,YT,-12.9319,45.1483,78.73,71,2,6.29,clear sky
249,San Quintin,MX,30.4833,-115.95,62.67,54,1,10.29,clear sky
250,Cuenca,EC,-2.8833,-78.9833,59.13,82,75,11.5,broken clouds
251,Coihaique,CL,-45.5752,-72.0662,54.21,62,48,9.75,scattered clouds
252,Turbat,PK,26.0023,63.044,65.84,62,0,1.03,clear sky
253,Fenoarivo,MG,-18.933,47.4354,62.67,88,20,8.05,few clouds
254,Cherskiy,RU,68.75,161.3,-28.21,99,98,1.63,overcast clouds
255,Telimele,GN,10.9167,-13.3333,67.48,76,35,0.92,scattered clouds
256,Camocim,BR,-2.9022,-40.8411,76.51,78,99,8.9,overcast clouds
257,Wanaka,NZ,-44.7,169.15,71.73,52,34,2.89,scattered clouds
258,Oyama,JP,36.3,139.8,41.83,32,5,1.54,clear sky
259,Mapimi,MX,25.8167,-103.85,75.97,21,55,2.44,broken clouds
260,Kaitangata,NZ,-46.2817,169.8464,68.94,71,18,5.95,few clouds
261,Avarua,CK,-21.2078,-159.775,71.65,100,75,3.44,moderate rain
262,Aksu,CN,41.1231,80.2644,21.04,59,3,0.85,clear sky
263,Henties Bay,NA,-22.116,14.2845,66.85,79,100,8.57,overcast clouds
264,Chalus,IR,36.655,51.4204,40.46,75,20,0.0,few clouds
265,Hualmay,PE,-11.0964,-77.6139,71.56,80,100,9.78,overcast clouds
266,Iskateley,RU,67.6803,53.1512,12.65,93,100,14.32,overcast clouds
267,Vestmanna,FO,62.1564,-7.1664,34.72,64,75,31.07,broken clouds
268,Bulalacao,PH,12.3254,121.3435,80.13,77,12,15.37,few clouds
269,Sukhumi,GE,43.0033,41.0153,41.5,66,99,4.54,overcast clouds
270,Anadyr,RU,64.75,177.4833,-16.01,75,0,8.01,clear sky
271,Axim,GH,4.8699,-2.2405,77.9,86,86,4.61,overcast clouds
272,Bonthe,SL,7.5264,-12.505,77.05,89,12,4.32,few clouds
273,Gadung,PH,6.8025,124.02,80.6,72,54,2.59,broken clouds
274,Prince Rupert,CA,54.3161,-130.3201,38.89,87,100,5.75,light rain
275,Miraflores,MX,19.2167,-98.8083,72.03,42,4,3.78,clear sky
276,Cabo San Lucas,MX,22.8909,-109.9124,78.1,65,20,10.36,few clouds
277,Vostok,RU,46.4856,135.8833,-7.98,92,52,1.21,broken clouds
278,Fernie,CA,49.5,-115.0687,42.6,98,100,5.19,overcast clouds
279,Dilla,ET,6.41,38.31,60.91,36,99,4.05,overcast clouds
280,Seminole,US,28.7086,-81.2081,55.76,43,0,6.91,clear sky
281,Victoria,HK,22.2855,114.1577,59.25,77,90,10.0,overcast clouds
282,Rettikhovka,RU,44.1683,132.7669,5.76,90,100,2.53,overcast clouds
283,Grand Gaube,MU,-20.0064,57.6608,79.2,82,100,3.0,overcast clouds
284,Huilong,CN,31.8111,121.655,37.04,66,9,5.12,clear sky
285,Samarai,PG,-10.6167,150.6667,83.7,70,100,11.79,overcast clouds
286,Tukrah,LY,32.5341,20.5791,54.63,68,100,17.25,overcast clouds
287,Chokurdakh,RU,70.6333,147.9167,-29.65,96,16,2.21,few clouds
288,Nikolskoye,RU,59.7035,30.7861,27.39,96,100,5.3,light snow
289,Faya,SA,18.3851,42.4509,55.51,79,14,4.14,few clouds
290,Biloela,AU,-24.4167,150.5,84.94,51,13,1.54,few clouds
291,San-Pedro,CI,4.7485,-6.6363,78.4,90,44,6.51,scattered clouds
292,San Antonio,US,29.4241,-98.4936,70.81,37,0,9.22,clear sky
293,East London,ZA,-33.0153,27.9116,74.16,84,88,14.05,overcast clouds
294,Kaihua,CN,23.3687,104.28,46.69,97,100,4.43,light rain
295,Sorland,NO,67.667,12.6934,34.02,46,81,5.46,broken clouds
296,Taoudenni,ML,22.6783,-3.9836,71.37,13,82,19.6,broken clouds
297,Beringovskiy,RU,63.05,179.3167,-6.97,98,100,10.94,overcast clouds
298,Chiang Khong,TH,20.2613,100.4046,53.92,85,2,1.5,clear sky
299,Aksarka,RU,66.5606,67.7975,-12.78,100,90,3.71,overcast clouds
300,Port Moresby,PG,-9.4431,147.1797,76.42,88,75,11.5,light rain
301,Dikson,RU,73.5069,80.5464,-5.21,94,100,22.3,overcast clouds
302,Deputatskiy,RU,69.3,139.9,-25.1,100,64,1.77,broken clouds
303,Klaksvik,FO,62.2266,-6.589,36.52,54,99,40.24,overcast clouds
304,Matay,EG,28.419,30.7792,49.64,54,23,6.91,few clouds
305,Pemangkat,ID,1.1667,108.9667,76.77,87,100,6.2,overcast clouds
306,Ixtapa,MX,20.7,-105.2,76.23,73,0,10.36,clear sky
307,Kenai,US,60.5544,-151.2583,26.69,83,0,0.0,clear sky
308,Hit,IQ,33.6416,42.8251,47.98,63,0,6.8,clear sky
309,Pacific Grove,US,36.6177,-121.9166,67.62,69,0,5.99,clear sky
310,Cockburn Town,TC,21.4612,-71.1419,75.16,69,75,13.8,broken clouds
311,Kruisfontein,ZA,-34.0033,24.7314,65.88,96,84,2.75,broken clouds
312,Jalingo,NG,8.8833,11.3667,70.84,21,54,7.65,broken clouds
313,Tuatapere,NZ,-46.1333,167.6833,72.82,65,37,4.92,scattered clouds
314,Pachino,IT,36.7186,15.0907,46.6,79,0,11.65,clear sky
315,Olovyannaya,RU,50.95,115.5667,-24.03,100,49,3.24,scattered clouds
316,Arlit,NE,18.7369,7.3853,61.95,15,1,10.65,clear sky
317,Hami,CN,42.8,93.45,21.74,44,95,1.74,overcast clouds
318,Basco,PH,20.4487,121.9702,71.06,77,92,30.51,overcast clouds
319,Sikasso,ML,10.9167,-7.0,75.6,16,36,4.99,scattered clouds
320,Atar,MR,20.5169,-13.0499,79.48,11,100,8.32,overcast clouds
321,Beloha,MG,-25.1667,45.05,72.25,77,83,15.52,broken clouds
322,Talara,PE,-4.5772,-81.2719,72.12,82,79,9.04,broken clouds
323,Galle,LK,6.0367,80.217,76.23,90,21,2.35,few clouds
324,Matamoros,MX,25.5333,-103.25,78.91,19,75,9.22,broken clouds
325,Bud,US,39.447,-86.1758,32.02,69,49,6.11,scattered clouds
326,Kadirli,TR,37.3739,36.0961,41.97,78,93,6.69,overcast clouds
327,Lasa,IT,46.6166,10.7002,42.26,38,10,5.86,clear sky
328,Pisco,PE,-13.7,-76.2167,73.45,73,75,3.44,broken clouds
329,Luangwa,ZM,-15.6167,30.4167,70.23,97,80,1.28,light rain
330,Mahanoro,MG,-19.9,48.8,72.55,83,4,5.14,clear sky
331,Sao Filipe,CV,14.8961,-24.4956,71.4,72,100,14.32,overcast clouds
332,Srandakan,ID,-7.9386,110.2506,64.72,86,100,3.8,overcast clouds
333,Northport,US,33.229,-87.5772,60.62,29,0,5.75,clear sky
334,Afyonkarahisar,TR,38.75,30.6667,29.75,96,100,2.26,light snow
335,Dagua,CO,3.6569,-76.6886,79.3,98,100,3.33,overcast clouds
336,Kloulklubed,PW,7.0419,134.2556,79.3,73,98,13.85,overcast clouds
337,Zyryanka,RU,65.75,150.85,-17.52,98,100,7.54,overcast clouds
338,Mana,GF,5.6592,-53.7767,76.75,84,75,11.1,broken clouds
339,Gawler,AU,-34.6,138.7333,87.1,40,17,7.49,few clouds
340,Ahipara,NZ,-35.1667,173.1667,75.9,52,98,13.35,overcast clouds
341,Kamennogorsk,RU,60.9545,29.1339,27.84,95,100,8.32,light snow
342,Myaundzha,RU,63.0494,147.1858,-14.76,99,90,4.32,overcast clouds
343,San Andres,CO,12.5847,-81.7006,78.82,78,75,12.66,broken clouds
344,Presidente Dutra,BR,-5.29,-44.49,72.28,96,98,1.05,overcast clouds
345,Alice Springs,AU,-23.7,133.8833,74.75,94,100,9.22,overcast clouds
346,Csanadpalota,HU,46.25,20.7333,37.94,68,37,13.47,scattered clouds
347,Oranjemund,NA,-28.55,16.4333,65.26,91,85,6.35,overcast clouds
348,Tura,IN,25.5198,90.2201,51.24,59,2,3.2,clear sky
349,Muros,ES,42.7762,-9.0603,50.85,66,0,6.64,clear sky
350,Ranong,TH,9.9658,98.6348,71.53,90,39,2.93,scattered clouds
351,Portland,US,45.5234,-122.6762,54.21,76,100,3.0,overcast clouds
352,Guanare,VE,9.0418,-69.7421,96.82,28,79,10.36,broken clouds
353,Constitucion,CL,-35.3333,-72.4167,59.83,76,4,16.64,clear sky
354,Grindavik,IS,63.8424,-22.4338,27.07,74,75,33.38,light shower snow
355,Urucara,BR,-2.5364,-57.76,74.84,92,100,2.82,overcast clouds
356,Ivanteyevka,RU,55.9711,37.9208,25.43,95,100,10.22,light snow
357,Havelock,US,34.8791,-76.9013,45.95,67,20,7.14,few clouds
358,Pimenta Bueno,BR,-11.6725,-61.1936,71.28,99,100,2.77,overcast clouds
359,Pochutla,MX,15.7432,-96.4661,84.02,64,0,5.12,clear sky
360,Chauk,MM,20.8833,94.8167,58.14,50,0,3.74,clear sky
361,Kununurra,AU,-15.7667,128.7333,82.38,74,75,14.97,broken clouds
362,Phalombe,MW,-15.8064,35.6507,64.89,96,8,2.01,clear sky
363,Upernavik,GL,72.7868,-56.1549,-4.59,97,100,2.73,overcast clouds
364,Piopio,NZ,-38.4667,175.0167,85.42,34,90,4.74,overcast clouds
365,Sakakah,SA,29.9697,40.2064,51.37,48,100,11.32,overcast clouds
366,New Haven,US,41.4001,-72.9329,23.05,56,0,0.0,clear sky
367,Labrea,BR,-7.2586,-64.7981,73.63,98,95,1.57,moderate rain
368,Liuzhou,CN,24.3126,109.3892,42.75,82,88,10.16,light rain
369,Lukovetskiy,RU,64.2956,41.9211,15.78,97,100,4.12,light snow
370,Paamiut,GL,61.994,-49.6678,16.02,85,100,9.89,snow
371,Nazas,MX,25.2333,-104.1333,77.54,11,3,16.04,clear sky
372,Marsa Matruh,EG,31.3525,27.2453,57.45,73,62,21.34,broken clouds
373,Sur,OM,22.5667,59.5289,70.07,68,0,2.89,clear sky
374,Marsh Harbour,BS,26.5412,-77.0636,63.43,57,98,9.44,overcast clouds
375,Koster,ZA,-25.863,26.8976,59.63,92,100,5.64,overcast clouds
376,Saint-Francois,FR,46.4154,3.9054,38.68,93,75,0.0,broken clouds
377,Atasu,KZ,48.6814,71.6433,14.72,96,100,8.99,overcast clouds
378,Launceston,AU,-41.45,147.1667,74.61,66,7,3.0,clear sky
379,Sao Joaquim,BR,-28.2939,-49.9317,56.26,99,83,2.77,broken clouds
380,Ghanzi,BW,-21.5667,21.7833,68.05,87,100,8.68,overcast clouds
381,San Francisco,US,37.7749,-122.4194,66.31,69,20,3.0,haze
382,Santa Maria,BR,-29.6842,-53.8069,74.5,78,20,5.75,few clouds
383,Gorgan,IR,36.8387,54.4348,39.16,81,0,6.91,clear sky
384,Dharchula,IN,29.85,80.5333,44.65,48,0,7.05,clear sky
385,Podporozhye,RU,60.9112,34.1706,20.39,95,100,7.81,light snow
386,Quatre Cocos,MU,-20.2078,57.7625,78.91,82,100,16.84,light rain
387,Middleton,GB,53.55,-2.2,45.99,81,94,25.05,overcast clouds
388,Rio Cuarto,AR,-33.1307,-64.3499,83.97,48,20,4.61,few clouds
389,Saldanha,ZA,-33.0117,17.9442,68.05,92,66,6.08,broken clouds
390,Derzhavinsk,KZ,51.1,66.3167,14.63,94,84,15.52,broken clouds
391,Alexandria,EG,31.2156,29.9553,51.15,65,38,10.74,scattered clouds
392,Alofi,NU,-19.0595,-169.9187,73.29,94,100,11.5,overcast clouds
393,Pithoragarh,IN,29.5833,80.2167,35.78,77,0,2.48,clear sky
394,Havre,FR,49.5833,0.3333,44.44,87,40,14.97,scattered clouds
395,Flinders,AU,-34.5833,150.8552,84.06,69,17,5.99,few clouds
396,Harbour Breton,CA,47.4833,-55.7983,37.0,71,99,29.06,overcast clouds
397,Tupiza,BO,-21.45,-65.7167,57.52,74,59,7.09,broken clouds
398,Micheweni,TZ,-4.9667,39.8333,79.09,79,90,9.42,overcast clouds
399,General Roca,AR,-39.0333,-67.5833,77.63,13,5,20.31,clear sky
400,Tadine,NC,-21.55,167.8833,81.97,79,97,9.26,overcast clouds
401,Chapais,CA,49.7834,-74.8492,-2.42,92,100,8.25,overcast clouds
402,Kulhudhuffushi,MV,6.6221,73.07,81.25,76,18,9.98,few clouds
403,Manokwari,ID,-0.8667,134.0833,79.92,74,100,10.89,overcast clouds
404,Puerto Carreno,CO,6.189,-67.4859,84.69,33,100,11.99,overcast clouds
405,Porto Belo,BR,-27.1578,-48.5531,75.15,70,91,6.26,overcast clouds
406,Neuquen,AR,-38.9516,-68.0591,76.89,15,0,12.66,clear sky
407,Los Llanos De Aridane,ES,28.6585,-17.9182,58.75,75,0,8.99,clear sky
408,Bambous Virieux,MU,-20.3428,57.7575,79.05,94,75,9.22,light rain
409,Khonsa,IN,27.0167,95.5667,44.26,89,26,3.56,scattered clouds
410,Abilene,US,32.4487,-99.7331,70.29,17,0,6.91,clear sky
411,Poum,NC,-20.2333,164.0167,80.49,73,98,9.35,overcast clouds
412,Severo-Yeniseyskiy,RU,60.3725,93.0408,-5.26,98,98,2.86,overcast clouds
413,Mandan,US,46.8267,-100.8896,39.18,75,0,8.05,clear sky
414,Gillette,US,44.2911,-105.5022,47.32,18,0,10.36,clear sky
415,Bathsheba,BB,13.2167,-59.5167,77.61,73,40,19.57,scattered clouds
416,Korce,AL,40.6186,20.7808,23.81,80,3,2.64,clear sky
417,Los Lunas,US,34.8062,-106.7334,49.35,63,100,1.01,overcast clouds
418,Nuuk,GL,64.1835,-51.7216,12.81,73,40,21.85,scattered clouds
419,Cabedelo,BR,-6.9811,-34.8339,79.47,75,10,10.94,clear sky
420,Vuktyl,RU,63.8567,57.3094,-0.76,99,100,3.09,overcast clouds
421,Werda,BW,-25.2667,23.2833,70.57,74,92,14.2,overcast clouds
422,Touros,BR,-5.1989,-35.4608,79.7,78,18,11.97,few clouds
423,Minab,IR,27.1467,57.0801,61.12,88,0,1.14,clear sky
424,Seoul,KR,37.5683,126.9778,20.64,79,0,1.14,clear sky
425,Vitim,RU,59.4511,112.5578,-6.43,98,100,3.71,overcast clouds
426,Ewo,CG,-0.8725,14.8206,79.54,55,100,3.15,overcast clouds
427,San Ignacio,BZ,17.1561,-89.0714,75.34,64,0,0.0,clear sky
428,Leningradskiy,RU,69.3833,178.4167,-14.26,94,80,4.23,broken clouds
429,Mandalgovi,MN,45.7625,106.2708,-1.46,81,8,7.87,clear sky
430,Dingle,PH,10.9995,122.6711,78.4,85,47,5.21,scattered clouds
431,Mount Darwin,ZW,-16.7725,31.5838,62.22,96,1,1.32,clear sky
432,Yulara,AU,-25.2406,130.9889,75.04,88,100,11.5,overcast clouds
433,Sivaki,RU,52.6333,126.75,-7.89,92,77,6.51,broken clouds
434,Stockbridge,US,33.5443,-84.2338,55.53,46,0,7.43,clear sky
435,Kattivakkam,IN,13.2167,80.3167,77.07,86,9,1.36,clear sky
436,Sumenep,ID,-7.0167,113.8667,79.45,85,100,6.51,moderate rain
437,Togur,RU,58.3631,82.8265,1.15,97,91,6.78,overcast clouds
438,Aklavik,CA,68.2191,-135.0107,2.23,96,100,3.58,overcast clouds
439,Fort-Shevchenko,KZ,44.5086,50.263,37.9,82,93,7.34,overcast clouds
440,Hailar,CN,49.2,119.7,-25.06,100,56,3.89,broken clouds
441,Cabras,IT,39.93,8.5314,52.07,87,9,7.76,clear sky
442,Oussouye,SN,12.485,-16.5469,75.38,68,100,10.31,overcast clouds
443,Nabire,ID,-3.3667,135.4833,78.28,78,100,2.39,overcast clouds
444,Champerico,GT,14.3,-91.9167,86.54,71,4,8.88,clear sky
445,Thai Binh,VN,20.45,106.3333,53.6,87,100,7.83,overcast clouds
446,Estevan,CA,49.1334,-102.9842,28.74,80,0,6.17,clear sky
447,Ukholovo,RU,53.7929,40.4892,25.77,94,100,13.33,light snow
448,Qasigiannguit,GL,68.8193,-51.1922,3.45,75,83,10.8,broken clouds
449,Cidreira,BR,-30.1811,-50.2056,73.76,70,4,18.7,clear sky
450,Novikovo,RU,51.1537,37.8879,28.58,95,100,11.63,overcast clouds
451,Oka,CA,45.4649,-74.0889,12.45,53,79,6.91,broken clouds
452,Ughelli,NG,5.4899,6.0074,71.96,74,30,1.95,scattered clouds
453,Luwingu,ZM,-10.2621,29.9271,60.35,97,100,0.94,overcast clouds
454,Tazovskiy,RU,67.4667,78.7,-8.68,98,99,8.12,overcast clouds
455,Presidencia Roque Saenz Pena,AR,-26.7852,-60.4388,81.43,16,0,4.68,clear sky
456,College,US,64.8569,-147.8028,-7.42,75,20,3.44,few clouds
457,Guane,CU,22.2025,-84.0875,59.92,64,2,9.26,clear sky
458,Rio Grande,BR,-32.035,-52.0986,73.94,77,14,21.18,few clouds
459,Sola,VU,-13.8833,167.55,83.07,84,75,4.61,broken clouds
460,Abu Dhabi,AE,24.4667,54.3667,66.96,73,0,2.3,clear sky
461,Kieta,PG,-6.2167,155.6333,84.99,71,100,7.02,overcast clouds
462,Lazurne,UA,46.084,32.5295,39.94,81,65,16.84,broken clouds
463,Beira,MZ,-19.8436,34.8389,77.09,88,20,1.14,few clouds
464,Odweyne,SO,9.4092,45.064,59.86,31,13,5.66,few clouds
465,Santiago De Cao,PE,-7.9589,-79.2392,69.93,73,100,12.66,fog
466,Jiayuguan,CN,39.8167,98.3,14.85,46,100,4.61,overcast clouds
467,Nyurba,RU,63.2842,118.3319,-24.29,100,42,4.25,scattered clouds
468,Komsomolskiy,UZ,40.4272,71.7189,30.92,86,100,0.0,fog
469,Puerto Madero,MX,14.7208,-92.4215,84.4,70,20,11.5,few clouds
470,Nishihara,JP,26.1842,127.7558,58.28,60,75,11.5,broken clouds
471,Zeya,RU,53.75,127.2667,-5.89,88,52,3.51,broken clouds
472,Bharatpur,IN,27.2167,77.4833,51.44,55,0,1.59,clear sky
473,Mudbidri,IN,13.0833,74.9833,74.82,88,1,0.0,mist
474,Namibe,AO,-15.1961,12.1522,72.27,73,100,6.82,overcast clouds
475,Gayeri,BF,12.6497,0.4931,71.19,14,4,9.75,clear sky
476,Dokka,NO,60.84,10.0618,16.0,94,83,3.2,broken clouds
477,Tabora,TZ,-5.0167,32.8,64.76,97,100,3.91,moderate rain
478,Beckley,US,37.7782,-81.1882,36.09,51,75,4.61,broken clouds
479,Jacareacanga,BR,-6.2222,-57.7528,71.44,98,100,1.68,overcast clouds
480,Lesnoy,RU,57.6198,63.0784,5.47,97,100,2.71,overcast clouds
481,Americo Brasiliense,BR,-21.7244,-48.1017,66.96,98,100,4.21,overcast clouds
482,Turukhansk,RU,65.8167,87.9833,-0.56,94,99,10.2,overcast clouds
483,Saint-Joseph,RE,-21.3667,55.6167,77.38,83,23,11.39,few clouds
484,Srem,PL,52.0887,17.0151,37.18,79,98,19.42,overcast clouds
485,Khomutovka,RU,51.9207,34.5619,30.47,97,99,15.03,light snow
486,Guerrero Negro,MX,27.9769,-114.0611,63.59,55,87,13.85,overcast clouds
487,Oshikango,NA,-17.4,15.8833,69.69,47,100,9.86,overcast clouds
488,Mogzon,RU,51.7435,111.9606,-26.63,100,97,1.28,overcast clouds
489,Pangody,RU,65.85,74.4859,-2.85,97,99,7.4,overcast clouds
490,Port Hawkesbury,CA,45.6169,-61.3485,25.88,75,0,5.01,clear sky
491,Tateyama,JP,34.9833,139.8667,43.07,48,98,16.33,overcast clouds
492,Katobu,ID,-4.9408,122.5276,82.18,74,93,4.54,overcast clouds
493,San Jose,US,37.3394,-121.895,67.35,50,20,1.99,haze
494,Puerto Escondido,MX,15.85,-97.0667,85.03,65,20,5.75,few clouds
495,Mayo,US,38.8876,-76.5119,31.24,57,100,1.99,overcast clouds
496,Adwa,ET,14.1646,38.8955,59.16,76,20,0.76,few clouds
497,Podstepki,RU,53.5151,49.1355,21.85,96,99,6.17,overcast clouds
498,Myski,RU,53.709,87.8014,-3.21,99,33,3.22,scattered clouds
499,West Plains,US,36.7281,-91.8524,53.28,25,0,6.91,clear sky
500,Pala,TD,9.3642,14.9046,67.35,17,8,8.3,clear sky
501,Otofuke,JP,42.9917,143.2003,-1.25,84,20,1.88,few clouds
502,Shakawe,BW,-18.3667,21.85,66.61,94,100,6.87,light rain
503,Sassandra,CI,4.95,-6.0833,77.56,92,40,5.53,scattered clouds
504,Lompoc,US,34.6391,-120.4579,72.09,60,0,16.11,clear sky
505,Berberati,CF,4.2612,15.7922,67.84,26,100,2.08,overcast clouds
506,Rognan,NO,67.0953,15.3878,26.89,91,96,4.97,overcast clouds
507,Big Spring,US,32.2504,-101.4787,67.48,28,0,5.01,clear sky
508,Bubaque,GW,11.2833,-15.8333,77.99,72,58,12.17,broken clouds
509,Warwick,US,41.7001,-71.4162,21.09,54,0,6.91,clear sky
510,Lazaro Cardenas,MX,17.9583,-102.2,81.16,55,0,9.44,clear sky
511,Hukuntsi,BW,-24.0,21.75,69.24,80,86,15.5,overcast clouds
512,Stepnogorsk,KZ,52.3544,71.8869,8.33,92,80,14.61,broken clouds
513,Alta Floresta,BR,-9.8756,-56.0861,70.41,98,98,2.62,light rain
514,Kautokeino,NO,69.0125,23.0412,-11.02,96,8,2.86,clear sky
515,Belyy Yar,RU,53.6039,91.3903,-22.11,79,75,2.24,mist
516,Oudtshoorn,ZA,-33.5907,22.2014,66.56,80,76,1.14,broken clouds
517,Noumea,NC,-22.2763,166.4572,85.98,99,100,9.42,overcast clouds
518,Marquette,US,46.5333,-87.6335,17.33,77,100,2.51,overcast clouds
519,Qostanay,KZ,53.1667,63.5833,15.82,96,67,8.81,broken clouds
520,Lagoa,PT,39.05,-27.9833,58.78,68,61,24.56,broken clouds
521,Baker City,US,44.7749,-117.8344,37.13,74,0,3.44,clear sky
522,Oktyabrskiy,RU,54.4815,53.471,24.73,97,99,5.88,overcast clouds
523,Iralaya,HN,15.0,-83.2333,77.09,73,86,17.85,overcast clouds
524,Ishigaki,JP,24.3448,124.1572,59.13,67,75,16.11,broken clouds
525,Slave Lake,CA,55.2834,-114.769,33.78,75,100,3.44,overcast clouds
526,Vilyuysk,RU,63.7553,121.6247,-26.09,99,90,4.09,overcast clouds
527,Gladstone,AU,-23.85,151.25,84.13,61,40,9.22,scattered clouds
528,Dunedin,NZ,-45.8742,170.5036,68.2,68,2,7.14,clear sky
529,Mairi,BR,-11.7114,-40.1489,73.49,74,60,5.23,broken clouds
530,Palora,EC,-1.7,-77.9333,73.51,94,100,2.55,light rain
531,Rexburg,US,43.826,-111.7897,22.26,49,0,5.75,clear sky
532,Radovitskiy,RU,55.1282,39.7956,24.53,95,100,9.69,light snow
533,Archidona,ES,37.0965,-4.3887,45.66,37,35,2.57,scattered clouds
534,Port Blair,IN,11.6667,92.75,68.04,88,20,0.0,mist
535,Cap Malheureux,MU,-19.9842,57.6142,79.29,82,100,3.0,overcast clouds
536,Tual,ID,-5.6667,132.75,84.04,76,100,18.34,overcast clouds
537,Abalak,RU,58.1286,68.5944,2.89,96,100,4.29,overcast clouds
538,San Cristobal,VE,7.7669,-72.225,68.18,91,97,3.09,overcast clouds
539,Jiazi,CN,22.8779,116.067,54.97,67,97,18.32,overcast clouds
540,Cantu,IT,45.7294,9.1405,42.96,80,1,1.99,clear sky
541,Makakilo City,US,21.3469,-158.0858,77.68,56,100,4.61,overcast clouds
542,Mount Gambier,AU,-37.8333,140.7667,66.11,94,100,6.91,overcast clouds
543,Mehriz,IR,31.5917,54.4318,32.5,31,57,3.4,broken clouds
544,Baruun-Urt,MN,46.6806,113.2792,-9.17,94,67,4.45,broken clouds
545,Muravlenko,RU,63.7898,74.523,-3.41,98,99,8.16,overcast clouds
546,Imbituba,BR,-28.24,-48.6703,75.81,75,36,5.17,scattered clouds
547,Ibra,OM,22.6906,58.5334,65.21,37,0,1.61,clear sky
548,Okaihau,NZ,-35.3167,173.7833,70.52,76,99,9.78,overcast clouds
549,Kysyl-Syr,RU,63.8986,122.7617,-27.38,100,93,3.91,overcast clouds
550,Ondangwa,NA,-17.9167,15.95,69.8,100,100,2.3,overcast clouds
551,Clearwater,US,27.9659,-82.8001,51.94,52,0,5.01,clear sky
552,Hambantota,LK,6.1241,81.1185,75.58,88,18,11.34,few clouds
553,Zhangye,CN,38.9342,100.4517,15.28,39,83,1.34,broken clouds
554,Kolondieba,ML,11.0882,-6.8926,75.63,15,25,5.41,scattered clouds
555,Maldonado,UY,-34.6667,-54.9167,76.39,71,1,7.85,clear sky
556,Hanna,CA,51.6334,-111.9018,33.31,79,96,6.35,overcast clouds
557,Namtsy,RU,62.7161,129.6658,-32.69,100,85,0.47,overcast clouds
558,Bertogne,BE,50.0836,5.6669,36.32,94,73,13.06,broken clouds
559,Zhmerynka,UA,49.037,28.112,32.85,95,100,19.48,snow
560,Koundara,GN,12.4833,-13.3,81.01,14,10,2.93,clear sky
561,Camana,PE,-16.6228,-72.7111,71.33,75,44,6.73,scattered clouds
562,Balakovo,RU,52.0278,47.8007,14.45,98,94,5.1,overcast clouds
563,Jizan,SA,17.3333,42.6667,76.14,77,43,3.85,scattered clouds
564,Oistins,BB,13.0667,-59.5333,77.09,73,40,19.57,scattered clouds
565,Norrtalje,SE,59.758,18.705,31.93,76,66,14.16,broken clouds
566,Emba,KZ,48.8264,58.1442,24.87,96,100,13.6,light snow
567,Jumla,NP,29.2747,82.1838,34.81,44,0,3.98,clear sky
568,Kilindoni,TZ,-7.9139,39.6668,79.68,81,59,10.74,light rain
569,Goundam,ML,16.4145,-3.6708,72.84,14,64,10.67,broken clouds
570,Gat,IL,31.61,34.7642,48.4,100,0,5.48,clear sky
571,Kargasok,RU,59.0556,80.8572,6.13,96,100,8.79,overcast clouds
572,Tondano,ID,1.3038,124.9112,71.69,78,93,4.63,overcast clouds
573,Izumo,JP,35.3667,132.7667,37.35,87,40,8.05,scattered clouds
574,Ostrovskoye,RU,57.8057,42.2433,20.44,95,100,8.21,overcast clouds
575,Omboue,GA,-1.5746,9.2618,78.44,86,96,4.92,overcast clouds
576,Waipawa,NZ,-41.4122,175.5153,72.93,63,60,9.69,broken clouds
577,Shingu,JP,33.7333,135.9833,43.92,55,30,5.28,scattered clouds
578,Jijiga,ET,9.35,42.8,56.48,20,72,7.96,broken clouds
579,Port Hedland,AU,-20.3167,118.5667,82.45,78,96,9.22,overcast clouds
580,Ondjiva,AO,-17.0667,15.7333,71.53,48,100,11.7,overcast clouds
581,Xuchang,CN,34.0167,113.8167,34.68,69,100,5.93,overcast clouds
582,Ketchikan,US,55.3422,-131.6461,35.58,93,100,6.91,mist
583,Kahului,US,20.8947,-156.47,84.22,45,20,11.5,few clouds
584,Vidim,RU,56.4088,103.1106,-2.43,100,100,2.04,overcast clouds
585,Purpe,RU,64.4803,76.6897,-2.4,98,94,7.92,overcast clouds
586,Praya,CV,14.9215,-23.5087,70.34,68,75,19.57,broken clouds
587,Awbari,LY,26.5921,12.7805,44.33,53,0,3.89,clear sky
588,Tsumeb,NA,-19.2333,17.7167,69.35,90,100,2.48,light rain
589,Langres,FR,47.8333,5.3333,38.25,93,18,5.86,few clouds
590,Zhezkazgan,KZ,47.8043,67.7144,8.96,98,100,3.49,snow
591,Shumskiy,RU,54.8318,99.1328,-4.88,96,95,2.42,overcast clouds
592,Zambezi,ZM,-13.5432,23.1047,63.84,98,100,4.07,overcast clouds
593,Eufaula,US,31.8913,-85.1455,60.84,29,0,5.75,clear sky
594,Strezhevoy,RU,60.7333,77.5889,8.58,95,100,9.35,overcast clouds
595,Clyde River,CA,70.4692,-68.5914,-21.77,69,20,5.75,few clouds
596,Gamba,GA,-2.65,10.0,77.67,84,100,3.56,overcast clouds
597,Balakhninskiy,RU,58.0106,114.2769,-29.78,100,97,2.59,overcast clouds
598,Krynychky,UA,48.3755,34.467,30.72,92,94,14.7,overcast clouds
599,Takoradi,GH,4.8845,-1.7554,78.28,83,74,4.5,broken clouds
600,Ukiah,US,39.1502,-123.2078,67.44,40,0,0.0,clear sky
601,Port Augusta,AU,-32.5,137.7667,90.72,41,99,4.76,overcast clouds
602,Tragana,GR,38.6167,23.1167,46.31,75,17,3.78,few clouds
603,Gravdal,NO,68.1214,13.5031,30.47,49,92,5.37,overcast clouds
604,Tselinnoye,RU,53.0833,85.6667,-5.53,100,46,3.4,scattered clouds
605,Naze,JP,28.3667,129.4833,50.92,62,94,18.59,overcast clouds
606,Kemijarvi,FI,66.7131,27.4306,-0.87,99,100,2.39,overcast clouds
607,Lavumisa,SZ,-27.31,31.892,74.52,95,100,1.99,overcast clouds
608,Kamakhyanagar,IN,20.9333,85.55,55.94,48,11,1.14,few clouds
609,Acari,PE,-15.4311,-74.6158,72.57,76,65,5.95,broken clouds
610,Lovington,US,32.944,-103.3485,59.85,45,100,3.0,overcast clouds
611,East Brainerd,US,34.9959,-85.1502,49.87,82,0,3.36,clear sky
612,Ucluelet,CA,48.9329,-125.5528,43.09,88,99,8.99,overcast clouds
613,Greystones,IE,53.1408,-6.0631,43.79,72,92,25.64,overcast clouds
614,Teruel,ES,40.6667,-0.6667,43.12,28,0,6.51,clear sky
615,Inzer,RU,54.2167,57.5556,18.52,98,100,3.6,overcast clouds
616,Alyangula,AU,-13.8483,136.4192,84.07,84,75,9.22,broken clouds
617,Ayacucho,PE,-13.1583,-74.2239,60.66,72,75,5.75,broken clouds
618,Ndele,CF,8.4109,20.6473,68.41,23,35,5.19,scattered clouds
619,Torrington,US,41.8007,-73.1212,20.14,66,21,2.91,few clouds
620,Ialibu,PG,-6.2821,143.9935,59.63,72,100,3.24,overcast clouds
621,Buraydah,SA,26.326,43.975,55.85,44,88,10.33,overcast clouds
622,Sampit,ID,-2.5333,112.95,75.04,85,100,1.72,overcast clouds
623,Umm Lajj,SA,25.0213,37.2685,63.63,61,91,9.51,overcast clouds
624,Nandu,CN,22.8525,110.8233,48.78,84,98,6.06,overcast clouds
625,Nhulunbuy,AU,-12.2333,136.7667,84.81,84,40,13.8,scattered clouds
626,Bari,IT,41.1177,16.8512,46.85,78,0,1.99,clear sky
627,Ust-Nera,RU,64.5667,143.2,-8.14,99,100,2.1,overcast clouds
628,Ichinohe,JP,40.2069,141.3017,19.96,73,63,11.25,broken clouds
629,Maceio,BR,-9.6658,-35.7353,80.04,89,20,3.44,few clouds
630,Ostrovnoy,RU,68.0531,39.5131,8.17,95,93,8.21,overcast clouds
631,Opuwo,NA,-18.0607,13.84,62.91,52,59,5.32,broken clouds
632,Rosarito,MX,32.3333,-117.0333,69.08,62,0,9.22,clear sky
633,Tongchuan,CN,35.0806,109.0897,20.52,51,0,4.94,clear sky
634,Itarema,BR,-2.9248,-39.9167,77.65,82,100,9.82,overcast clouds
635,Port-Cartier,CA,50.0334,-66.8654,9.75,84,72,10.18,broken clouds
636,Aykhal,RU,66.0,111.5,-22.14,100,85,4.29,overcast clouds
637,Awjilah,LY,29.1081,21.2869,53.82,61,82,13.09,broken clouds
638,La Ronge,CA,55.1001,-105.2842,12.45,79,100,5.75,overcast clouds
639,Ulladulla,AU,-35.35,150.4667,83.88,66,6,7.23,clear sky
640,Monywa,MM,22.1167,95.1333,56.84,56,2,6.22,clear sky
641,Le Vauclin,MQ,14.5452,-60.8388,76.84,83,20,5.75,few clouds
642,Keti Bandar,PK,24.1447,67.4497,71.06,84,0,13.47,clear sky
643,Jalu,LY,29.0331,21.5482,54.34,59,82,13.91,broken clouds
644,Muisne,EC,0.6,-80.0333,76.46,84,100,4.5,light rain
645,Vicuna,CL,-30.0319,-70.7081,72.77,62,0,4.23,clear sky
646,Olafsvik,IS,64.8945,-23.7142,27.54,55,100,25.48,overcast clouds
647,Campoverde,PE,-8.4753,-74.8058,74.89,97,100,2.53,overcast clouds
648,Alekseyevsk,RU,57.8406,108.3492,-6.75,100,95,2.46,overcast clouds
649,Kompaniyivka,UA,48.2511,32.208,31.55,95,20,17.36,few clouds
650,Necochea,AR,-38.5473,-58.7368,65.03,64,81,22.64,broken clouds
651,Terre-De-Bas,GP,15.8501,-61.6442,76.51,73,7,12.48,clear sky
652,Coruripe,BR,-10.1256,-36.1756,79.54,79,99,10.09,overcast clouds
653,Borovskoy,KZ,53.8,64.15,6.93,98,73,6.69,broken clouds
654,Shimoda,JP,34.6667,138.95,43.16,75,99,9.53,overcast clouds
655,Cozumel,MX,20.5083,-86.9458,71.58,66,45,1.99,scattered clouds
656,Canmore,CA,51.0834,-115.3521,43.29,55,71,8.05,broken clouds
657,Harlingen,US,26.1906,-97.6961,70.34,56,100,14.97,overcast clouds
658,Winchester,GB,51.0651,-1.3187,48.51,92,75,8.01,broken clouds
659,Shirokiy,RU,49.758,129.523,-21.44,99,50,2.48,scattered clouds
660,Mundo Nuevo,MX,18.7,-95.5,69.55,80,46,6.15,scattered clouds
661,Hofn,IS,64.2539,-15.2082,27.39,50,18,23.53,few clouds
662,Ulles,HU,46.3361,19.8445,41.14,62,17,17.67,few clouds
663,Mahibadhoo,MV,3.7833,72.9667,81.61,76,54,13.49,broken clouds
664,Oyotun,PE,-6.8519,-79.3036,71.19,65,99,5.59,overcast clouds
665,Marystown,CA,47.1666,-55.1483,36.86,100,97,1.99,overcast clouds
666,Mocuba,MZ,-16.8392,36.9856,70.56,99,14,1.32,few clouds
667,Aginskoye,RU,51.1,114.53,-16.62,98,8,5.55,clear sky
668,Paulista,BR,-7.9408,-34.8731,84.06,80,47,9.15,scattered clouds
669,Flin Flon,CA,54.7682,-101.865,6.64,72,100,5.75,light snow
670,Camacha,PT,33.0833,-16.3333,61.56,82,20,18.41,few clouds
671,Letlhakane,BW,-21.4167,25.5833,69.66,80,99,13.0,light rain
672,Maniitsoq,GL,65.4167,-52.9,6.66,77,100,15.95,overcast clouds
673,Praia Da Vitoria,PT,38.7333,-27.0667,59.25,88,40,22.3,scattered clouds
674,Severo-Kurilsk,RU,50.6789,156.125,28.36,95,100,7.45,snow
675,Honningsvag,NO,70.9821,25.9704,33.28,63,33,16.37,light snow
676,La Grande,US,45.3246,-118.0877,39.52,63,100,9.31,overcast clouds
677,Roma,US,43.2128,-75.4557,14.04,61,20,3.44,few clouds
678,Tiznit,MA,29.5833,-9.5,60.39,28,94,16.31,overcast clouds
679,Pilar,BR,-9.5972,-35.9567,78.73,87,99,4.68,overcast clouds
680,Leshukonskoye,RU,64.8989,45.7622,8.33,96,100,5.3,overcast clouds
681,Shiloh,US,38.5614,-89.8973,35.87,53,0,8.05,clear sky
682,Walvis Bay,NA,-22.9575,14.5053,67.08,94,100,10.36,overcast clouds
683,Lakes Entrance,AU,-37.8811,147.981,81.57,75,57,3.38,broken clouds
684,Tucuma,BR,-0.1833,-50.05,74.68,93,90,5.12,overcast clouds
685,Moron,AR,-34.6534,-58.6198,81.99,55,0,4.0,clear sky
686,Gudari,IN,19.35,83.7833,56.12,43,0,2.35,clear sky
